Area,Bedrooms,Bathrooms,Location,Price
3674,5,2,Countryside,416900
4007,2,2,Suburb,416000
1360,5,3,Countryside,215300
1794,2,3,Countryside,226600
1630,1,3,Countryside,210800
1595,4,3,Downtown,268600
4272,4,1,Suburb,445800
3592,4,3,Countryside,395000
2138,5,2,Suburb,309000
2669,1,1,Downtown,334700
966,5,2,Suburb,200500
1738,5,2,Countryside,254400
830,1,2,Uptown,141100
1982,1,3,Suburb,255600
2635,1,3,Downtown,336300
3944,1,1,Uptown,395600
3671,4,1,Countryside,362200
3419,3,3,Downtown,400300
4235,3,2,Suburb,438900
630,1,1,Countryside,112000
2185,3,3,Uptown,322000
3880,3,3,Uptown,436200
1269,1,3,Uptown,190700
2891,3,2,Suburb,338700
2015,5,3,Downtown,323500
3985,2,3,Uptown,453700
3353,2,3,Uptown,378200
2933,1,3,Countryside,322500
1715,4,1,Countryside,219200
1455,1,1,Suburb,192500
2824,4,3,Suburb,346000
1684,2,2,Uptown,225900
959,1,1,Uptown,181200
3885,5,3,Uptown,483200
521,3,1,Uptown,112400
2800,4,1,Countryside,308300
1247,3,2,Suburb,213100
3404,3,3,Suburb,369400
4132,1,3,Downtown,466800
974,3,2,Suburb,181800
1582,5,2,Downtown,267000
3058,3,3,Suburb,357800
4253,1,3,Suburb,404200
2547,5,2,Downtown,386100
4047,2,1,Suburb,407400
3247,3,1,Downtown,398100
1475,1,2,Downtown,229600
2306,2,1,Uptown,299400
689,2,2,Suburb,129100
3505,4,1,Downtown,423000
3234,5,1,Suburb,387300
3505,3,3,Uptown,424000
1062,1,3,Downtown,211600
2399,4,1,Uptown,303800
4138,5,1,Downtown,475800
1767,4,3,Downtown,310600
3379,5,3,Suburb,378700
2028,5,3,Suburb,317900
3702,3,2,Uptown,414100
4056,5,1,Uptown,463700
4390,4,3,Countryside,457900
1146,5,1,Suburb,200700
2568,3,2,Suburb,326300
3388,3,2,Uptown,403500
2714,4,3,Downtown,378100
1797,2,2,Suburb,231100
2935,2,1,Downtown,325800
1100,5,3,Downtown,232800
2863,1,1,Countryside,279200
2561,5,1,Uptown,343600
741,4,2,Uptown,180000
2541,4,2,Suburb,331700
3324,4,2,Downtown,420600
3917,4,2,Downtown,464800
3112,4,2,Downtown,429700
3445,3,3,Suburb,396900
1863,2,1,Uptown,234900
2639,4,1,Uptown,359200
1890,1,1,Downtown,264700
3503,1,1,Countryside,366000
1978,1,2,Uptown,246500
3999,1,1,Suburb,410600
3056,3,3,Uptown,351000
1275,1,3,Suburb,194100
534,4,1,Downtown,165000
2753,5,1,Suburb,317700
3652,1,3,Uptown,414900
2455,3,3,Downtown,309500
2085,3,2,Downtown,267500
4443,1,3,Downtown,487100
3959,5,2,Downtown,488100
3573,1,2,Countryside,368300
1521,3,2,Uptown,244400
3961,2,2,Suburb,435800
3113,4,2,Downtown,406100
1629,3,1,Suburb,216500
4343,1,3,Suburb,442100
4393,4,2,Downtown,500200
2000,1,3,Suburb,248400
1202,1,3,Suburb,159700
2949,2,2,Uptown,347800
3277,4,1,Uptown,384200
2079,4,2,Downtown,311800
661,2,1,Suburb,128400
701,3,3,Uptown,135800
2481,1,1,Suburb,253400
1495,5,1,Countryside,214400
2817,1,1,Uptown,309600
4434,1,3,Downtown,484800
1315,3,3,Downtown,244300
3842,1,1,Uptown,420300
955,2,1,Downtown,183900
4033,2,2,Suburb,415100
4298,4,1,Countryside,418300
1775,5,2,Suburb,243300
1516,1,1,Suburb,192900
4273,1,2,Uptown,459100
2843,3,3,Suburb,362800
4296,2,1,Suburb,420700
3267,5,1,Countryside,362100
